author1,author2,author3,author4,author5,author6,author7,author8,author9,author10,author11,author12,author13,author14,author15,precision_author1,recall_author1,f1_score_author1,precision_author2,recall_author2,f1_score_author2,precision_author3,recall_author3,f1_score_author3,precision_author4,recall_author4,f1_score_author4,precision_author5,recall_author5,f1_score_author5,precision_author6,recall_author6,f1_score_author6,precision_author7,recall_author7,f1_score_author7,precision_author8,recall_author8,f1_score_author8,precision_author9,recall_author9,f1_score_author9,precision_author10,recall_author10,f1_score_author10,precision_author11,recall_author11,f1_score_author11,precision_author12,recall_author12,f1_score_author12,precision_author13,recall_author13,f1_score_author13,precision_author14,recall_author14,f1_score_author14,precision_author15,recall_author15,f1_score_author15,auc_score_ovr,precision_weighted,precision_micro,precision_macro,recall_weighted,recall_micro,recall_macro,f1_weighted,f1_micro,f1_macro,accuracy,classifier,vectorizer
9-Cortes,AgnaldoTeExplode,BeatoSalut,BluePirate89,CariocaSatanico,Manada_2,MaxVonHabsburg,MidnightRider00,Miteiro,Supermunch2000,TheGza1,logatwork,piperman_,um--no,xanax101010,0.2051,0.0321,0.0556,0.0,0.0,0.0,0.1854,0.1143,0.1414,0.0954,0.1012,0.0982,0.3586,0.2851,0.3177,1.0,0.0082,0.0163,0.0,0.0,0.0,0.0622,0.6549,0.1135,0.1373,0.0297,0.0488,0.101,0.0843,0.0919,0.0,0.0,0.0,0.3333,0.0042,0.0082,0.0,0.0,0.0,0.1667,0.004,0.0078,0.2692,0.0288,0.052,0.6161,0.1961,0.093,0.1943,0.093,0.093,0.0898,0.0649,0.093,0.0634,0.093,MultinomialNB(),CountVectorizer()
9-Cortes,AgnaldoTeExplode,BeatoSalut,BluePirate89,CariocaSatanico,Manada_2,MaxVonHabsburg,MidnightRider00,Miteiro,Supermunch2000,TheGza1,logatwork,piperman_,um--no,xanax101010,0.1514,0.2249,0.1809,0.183,0.1197,0.1447,0.1875,0.1592,0.1722,0.1835,0.081,0.1124,0.1894,0.6908,0.2973,0.363,0.4198,0.3893,0.2685,0.2863,0.2771,0.0705,0.102,0.0833,0.2832,0.2712,0.2771,0.269,0.1847,0.219,0.2899,0.1724,0.2162,0.2039,0.0875,0.1224,0.2558,0.0493,0.0827,0.1532,0.1446,0.1488,0.2188,0.0576,0.0912,0.7062,0.2168,0.2047,0.218,0.2047,0.2047,0.2034,0.1878,0.2047,0.1876,0.2047,MultinomialNB(),"CountVectorizer(ngram_range=(1, 3))"
9-Cortes,AgnaldoTeExplode,BeatoSalut,BluePirate89,CariocaSatanico,Manada_2,MaxVonHabsburg,MidnightRider00,Miteiro,Supermunch2000,TheGza1,logatwork,piperman_,um--no,xanax101010,0.1466,0.3133,0.1997,0.1146,0.0769,0.0921,0.122,0.102,0.1111,0.1255,0.1215,0.1235,0.1646,0.4257,0.2374,0.1103,0.0658,0.0825,0.1267,0.1162,0.1212,0.0912,0.102,0.0963,0.2145,0.3644,0.27,0.2297,0.261,0.2444,0.0,0.0,0.0,0.1948,0.125,0.1523,0.0,0.0,0.0,0.1117,0.0803,0.0935,0.1475,0.1111,0.1268,0.6481,0.1277,0.1527,0.1267,0.1527,0.1527,0.151,0.1313,0.1527,0.13,0.1527,MultinomialNB(),TfidfVectorizer()
9-Cortes,AgnaldoTeExplode,BeatoSalut,BluePirate89,CariocaSatanico,Manada_2,MaxVonHabsburg,MidnightRider00,Miteiro,Supermunch2000,TheGza1,logatwork,piperman_,um--no,xanax101010,0.2052,0.2851,0.2387,0.1606,0.1496,0.1549,0.1935,0.1224,0.15,0.2878,0.1619,0.2073,0.2174,0.6426,0.3249,0.4355,0.4444,0.4399,0.2345,0.361,0.2843,0.1333,0.0784,0.0988,0.2432,0.3814,0.297,0.3594,0.2771,0.3129,0.2658,0.181,0.2154,0.1678,0.1,0.1253,0.2436,0.0852,0.1262,0.1592,0.1566,0.1579,0.3023,0.107,0.1581,0.7349,0.2404,0.2366,0.2406,0.2366,0.2366,0.2356,0.2198,0.2366,0.2194,0.2366,MultinomialNB(),"TfidfVectorizer(ngram_range=(1, 3))"
9-Cortes,AgnaldoTeExplode,BeatoSalut,BluePirate89,CariocaSatanico,Manada_2,MaxVonHabsburg,MidnightRider00,Miteiro,Supermunch2000,TheGza1,logatwork,piperman_,um--no,xanax101010,0.2132,0.2851,0.244,0.0927,0.1197,0.1045,0.1692,0.1347,0.15,0.1171,0.4049,0.1817,0.3473,0.3655,0.3562,0.1883,0.1193,0.1461,0.2532,0.166,0.2005,0.12,0.0353,0.0545,0.1923,0.4661,0.2723,0.1625,0.0522,0.079,0.1524,0.1379,0.1448,0.1034,0.025,0.0403,0.0,0.0,0.0,0.1739,0.0161,0.0294,0.1448,0.214,0.1728,0.6712,0.1633,0.17,0.162,0.17,0.17,0.1694,0.1457,0.17,0.1451,0.17,"LogisticRegression(penalty='l1', random_state=42, solver='liblinear')",CountVectorizer()
9-Cortes,AgnaldoTeExplode,BeatoSalut,BluePirate89,CariocaSatanico,Manada_2,MaxVonHabsburg,MidnightRider00,Miteiro,Supermunch2000,TheGza1,logatwork,piperman_,um--no,xanax101010,0.2397,0.257,0.2481,0.1643,0.1496,0.1566,0.2388,0.1306,0.1689,0.2746,0.6559,0.3871,0.3911,0.3896,0.3903,0.4414,0.5267,0.4803,0.3429,0.444,0.387,0.2169,0.1412,0.171,0.2107,0.3008,0.2478,0.3114,0.2088,0.25,0.2713,0.2198,0.2429,0.206,0.2,0.203,0.16,0.1076,0.1287,0.2143,0.1325,0.1638,0.2849,0.2181,0.2471,0.7485,0.2655,0.2732,0.2646,0.2732,0.2732,0.2722,0.259,0.2732,0.2582,0.2732,"LogisticRegression(penalty='l1', random_state=42, solver='liblinear')","CountVectorizer(ngram_range=(1, 3))"
9-Cortes,AgnaldoTeExplode,BeatoSalut,BluePirate89,CariocaSatanico,Manada_2,MaxVonHabsburg,MidnightRider00,Miteiro,Supermunch2000,TheGza1,logatwork,piperman_,um--no,xanax101010,0.1716,0.257,0.2058,0.112,0.1154,0.1137,0.0818,0.0367,0.0507,0.3344,0.4049,0.3663,0.2201,0.5462,0.3137,0.2063,0.2963,0.2432,0.1704,0.2531,0.2037,0.0735,0.0392,0.0512,0.249,0.2712,0.2596,0.2793,0.3253,0.3006,0.125,0.0517,0.0732,0.232,0.1208,0.1589,0.1364,0.0135,0.0245,0.0914,0.0683,0.0782,0.1943,0.1399,0.1627,0.7034,0.1787,0.1978,0.1785,0.1978,0.1978,0.196,0.1749,0.1978,0.1737,0.1978,"LogisticRegression(penalty='l1', random_state=42, solver='liblinear')",TfidfVectorizer()
9-Cortes,AgnaldoTeExplode,BeatoSalut,BluePirate89,CariocaSatanico,Manada_2,MaxVonHabsburg,MidnightRider00,Miteiro,Supermunch2000,TheGza1,logatwork,piperman_,um--no,xanax101010,0.2429,0.2731,0.2571,0.1635,0.1453,0.1538,0.2276,0.1143,0.1522,0.309,0.4453,0.3648,0.3307,0.498,0.3974,0.4866,0.5226,0.504,0.3138,0.4232,0.3604,0.1787,0.1451,0.1602,0.2996,0.2881,0.2937,0.332,0.3414,0.3366,0.2802,0.2198,0.2464,0.2146,0.1833,0.1978,0.172,0.1435,0.1565,0.1875,0.1446,0.1633,0.2579,0.2675,0.2626,0.7654,0.2669,0.2781,0.2664,0.2781,0.2781,0.277,0.2679,0.2781,0.2671,0.2781,"LogisticRegression(penalty='l1', random_state=42, solver='liblinear')","TfidfVectorizer(ngram_range=(1, 3))"
9-Cortes,AgnaldoTeExplode,BeatoSalut,BluePirate89,CariocaSatanico,Manada_2,MaxVonHabsburg,MidnightRider00,Miteiro,Supermunch2000,TheGza1,logatwork,piperman_,um--no,xanax101010,0.2047,0.245,0.223,0.0967,0.1239,0.1086,0.1457,0.151,0.1483,0.1186,0.6397,0.2001,0.3062,0.3936,0.3445,0.1689,0.1029,0.1279,0.2128,0.1245,0.1571,0.1557,0.0745,0.1008,0.2711,0.2585,0.2646,0.124,0.0602,0.0811,0.1203,0.069,0.0877,0.0602,0.0208,0.031,0.0,0.0,0.0,0.2188,0.0281,0.0498,0.0873,0.0453,0.0596,0.647,0.154,0.1574,0.1527,0.1574,0.1574,0.1558,0.1333,0.1574,0.1323,0.1574,"LogisticRegression(random_state=42, solver='liblinear')",CountVectorizer()
9-Cortes,AgnaldoTeExplode,BeatoSalut,BluePirate89,CariocaSatanico,Manada_2,MaxVonHabsburg,MidnightRider00,Miteiro,Supermunch2000,TheGza1,logatwork,piperman_,um--no,xanax101010,0.2448,0.2369,0.2408,0.1651,0.1538,0.1593,0.1933,0.1184,0.1468,0.2008,0.5911,0.2998,0.42,0.4217,0.4208,0.4416,0.4979,0.4681,0.3287,0.3942,0.3585,0.2189,0.1451,0.1745,0.2626,0.3093,0.284,0.3,0.2169,0.2517,0.2143,0.1681,0.1884,0.1467,0.1125,0.1274,0.18,0.1211,0.1448,0.2,0.1486,0.1705,0.2722,0.177,0.2145,0.7355,0.2534,0.2553,0.2526,0.2553,0.2553,0.2542,0.2442,0.2553,0.2433,0.2553,"LogisticRegression(random_state=42, solver='liblinear')","CountVectorizer(ngram_range=(1, 3))"
9-Cortes,AgnaldoTeExplode,BeatoSalut,BluePirate89,CariocaSatanico,Manada_2,MaxVonHabsburg,MidnightRider00,Miteiro,Supermunch2000,TheGza1,logatwork,piperman_,um--no,xanax101010,0.1737,0.2651,0.2099,0.1078,0.1068,0.1073,0.0874,0.0367,0.0517,0.3345,0.3927,0.3613,0.219,0.5542,0.314,0.1934,0.2634,0.223,0.1737,0.2573,0.2074,0.0725,0.0392,0.0509,0.2614,0.2924,0.276,0.2852,0.3414,0.3108,0.1183,0.0474,0.0677,0.2222,0.125,0.16,0.1613,0.0224,0.0394,0.0884,0.0643,0.0744,0.1744,0.1235,0.1446,0.7028,0.1783,0.1972,0.1782,0.1972,0.1972,0.1954,0.1743,0.1972,0.1732,0.1972,"LogisticRegression(random_state=42, solver='liblinear')",TfidfVectorizer()
9-Cortes,AgnaldoTeExplode,BeatoSalut,BluePirate89,CariocaSatanico,Manada_2,MaxVonHabsburg,MidnightRider00,Miteiro,Supermunch2000,TheGza1,logatwork,piperman_,um--no,xanax101010,0.2286,0.257,0.242,0.1651,0.1538,0.1593,0.2388,0.1306,0.1689,0.3,0.4615,0.3636,0.3556,0.5141,0.4204,0.4811,0.5226,0.501,0.3176,0.4191,0.3614,0.1831,0.1529,0.1667,0.2891,0.3136,0.3008,0.3419,0.3213,0.3313,0.2826,0.2241,0.25,0.2,0.1708,0.1843,0.1618,0.148,0.1546,0.1912,0.1566,0.1722,0.2818,0.2099,0.2406,0.7613,0.2685,0.2781,0.2679,0.2781,0.2781,0.2771,0.2686,0.2781,0.2678,0.2781,"LogisticRegression(random_state=42, solver='liblinear')","TfidfVectorizer(ngram_range=(1, 3))"
9-Cortes,AgnaldoTeExplode,BeatoSalut,BluePirate89,CariocaSatanico,Manada_2,MaxVonHabsburg,MidnightRider00,Miteiro,Supermunch2000,TheGza1,logatwork,piperman_,um--no,xanax101010,0.1813,0.2811,0.2205,0.1099,0.1282,0.1183,0.1278,0.1184,0.1229,0.1063,0.3482,0.1629,0.2756,0.4859,0.3517,0.1691,0.0947,0.1214,0.2398,0.195,0.2151,0.1354,0.051,0.0741,0.1781,0.5169,0.2649,0.1636,0.0361,0.0592,0.1705,0.0948,0.1219,0.15,0.0125,0.0231,0.0,0.0,0.0,0.1667,0.012,0.0225,0.1265,0.0864,0.1027,0.662,0.1543,0.1648,0.1534,0.1648,0.1648,0.1641,0.1327,0.1648,0.1321,0.1648,"LinearSVC(max_iter=10000, random_state=42)",CountVectorizer()
9-Cortes,AgnaldoTeExplode,BeatoSalut,BluePirate89,CariocaSatanico,Manada_2,MaxVonHabsburg,MidnightRider00,Miteiro,Supermunch2000,TheGza1,logatwork,piperman_,um--no,xanax101010,0.2244,0.2289,0.2266,0.1652,0.1624,0.1638,0.1847,0.1184,0.1443,0.2367,0.4858,0.3183,0.367,0.3936,0.3798,0.4218,0.4774,0.4479,0.2885,0.3651,0.3223,0.1684,0.1294,0.1463,0.2176,0.2203,0.2189,0.2304,0.1888,0.2075,0.2235,0.1638,0.1891,0.1261,0.1208,0.1234,0.1698,0.1614,0.1655,0.1643,0.1406,0.1515,0.3125,0.2263,0.2625,0.7167,0.2339,0.2396,0.2334,0.2396,0.2396,0.2389,0.2317,0.2396,0.2312,0.2396,"LinearSVC(max_iter=10000, random_state=42)","CountVectorizer(ngram_range=(1, 3))"
9-Cortes,AgnaldoTeExplode,BeatoSalut,BluePirate89,CariocaSatanico,Manada_2,MaxVonHabsburg,MidnightRider00,Miteiro,Supermunch2000,TheGza1,logatwork,piperman_,um--no,xanax101010,0.18,0.2169,0.1967,0.1243,0.0983,0.1098,0.093,0.0163,0.0278,0.2505,0.5547,0.3451,0.2064,0.6506,0.3133,0.1959,0.2757,0.2291,0.1672,0.2199,0.19,0.0484,0.0118,0.0189,0.2206,0.3178,0.2604,0.2477,0.3253,0.2812,0.1087,0.0216,0.036,0.2051,0.1,0.1345,0.1429,0.0045,0.0087,0.0738,0.0361,0.0485,0.1474,0.0576,0.0828,0.7019,0.1608,0.1959,0.1608,0.1959,0.1959,0.1938,0.1533,0.1959,0.1522,0.1959,"LinearSVC(max_iter=10000, random_state=42)",TfidfVectorizer()
9-Cortes,AgnaldoTeExplode,BeatoSalut,BluePirate89,CariocaSatanico,Manada_2,MaxVonHabsburg,MidnightRider00,Miteiro,Supermunch2000,TheGza1,logatwork,piperman_,um--no,xanax101010,0.2281,0.241,0.2344,0.1441,0.1368,0.1404,0.1542,0.1265,0.139,0.2871,0.3684,0.3227,0.3217,0.4458,0.3737,0.418,0.4403,0.4289,0.2951,0.3527,0.3214,0.1765,0.1529,0.1639,0.2411,0.2288,0.2348,0.3176,0.2972,0.3071,0.1854,0.1638,0.1739,0.1931,0.1625,0.1765,0.1735,0.1704,0.1719,0.1955,0.1727,0.1834,0.2694,0.2428,0.2554,0.7231,0.2408,0.2479,0.24,0.2479,0.2479,0.2468,0.2427,0.2479,0.2418,0.2479,"LinearSVC(max_iter=10000, random_state=42)","TfidfVectorizer(ngram_range=(1, 3))"
9-Cortes,AgnaldoTeExplode,BeatoSalut,BluePirate89,CariocaSatanico,Manada_2,MaxVonHabsburg,MidnightRider00,Miteiro,Supermunch2000,TheGza1,logatwork,piperman_,um--no,xanax101010,0.2101,0.3333,0.2578,0.0871,0.1239,0.1023,0.26,0.0531,0.0881,0.1525,0.6032,0.2435,0.3019,0.3735,0.3339,0.1429,0.0864,0.1077,0.1671,0.2614,0.2039,0.1628,0.0824,0.1094,0.2744,0.322,0.2963,0.2208,0.0683,0.1043,0.1557,0.0819,0.1073,0.1356,0.1,0.1151,0.25,0.009,0.0173,0.1292,0.0924,0.1077,0.1625,0.0535,0.0805,0.6705,0.1875,0.1777,0.1875,0.1777,0.1777,0.1763,0.1526,0.1777,0.1517,0.1777,SVC(random_state=42),CountVectorizer()
9-Cortes,AgnaldoTeExplode,BeatoSalut,BluePirate89,CariocaSatanico,Manada_2,MaxVonHabsburg,MidnightRider00,Miteiro,Supermunch2000,TheGza1,logatwork,piperman_,um--no,xanax101010,0.2523,0.2169,0.2333,0.1209,0.1111,0.1158,0.1515,0.0408,0.0643,0.1565,0.6923,0.2552,0.2423,0.5341,0.3333,0.5503,0.3827,0.4515,0.3027,0.2324,0.2629,0.1368,0.1137,0.1242,0.2879,0.2415,0.2627,0.3441,0.1285,0.1871,0.1895,0.125,0.1506,0.1506,0.1042,0.1232,0.1833,0.0493,0.0777,0.1636,0.1084,0.1304,0.3093,0.1235,0.1765,0.7058,0.2364,0.2154,0.2361,0.2154,0.2154,0.2136,0.1974,0.2154,0.1966,0.2154,SVC(random_state=42),"CountVectorizer(ngram_range=(1, 3))"
9-Cortes,AgnaldoTeExplode,BeatoSalut,BluePirate89,CariocaSatanico,Manada_2,MaxVonHabsburg,MidnightRider00,Miteiro,Supermunch2000,TheGza1,logatwork,piperman_,um--no,xanax101010,0.212,0.2972,0.2475,0.1169,0.1154,0.1161,0.2162,0.098,0.1348,0.3316,0.5061,0.4006,0.2734,0.4337,0.3354,0.2582,0.2593,0.2587,0.2305,0.2946,0.2587,0.088,0.0431,0.0579,0.255,0.322,0.2846,0.2756,0.2811,0.2783,0.2026,0.1336,0.161,0.1877,0.2292,0.2064,0.2061,0.1211,0.1525,0.106,0.0924,0.0987,0.2013,0.1235,0.1531,0.7224,0.2107,0.2242,0.2107,0.2242,0.2242,0.2233,0.21,0.2242,0.2096,0.2242,SVC(random_state=42),TfidfVectorizer()
9-Cortes,AgnaldoTeExplode,BeatoSalut,BluePirate89,CariocaSatanico,Manada_2,MaxVonHabsburg,MidnightRider00,Miteiro,Supermunch2000,TheGza1,logatwork,piperman_,um--no,xanax101010,0.2296,0.3052,0.2621,0.1476,0.1709,0.1584,0.2689,0.1306,0.1758,0.2827,0.3765,0.3229,0.3823,0.4498,0.4133,0.6022,0.4486,0.5142,0.3279,0.4191,0.3679,0.1494,0.1922,0.1681,0.2937,0.3559,0.3218,0.3602,0.3052,0.3304,0.278,0.2457,0.2609,0.2261,0.1875,0.205,0.1979,0.1659,0.1805,0.1863,0.1526,0.1678,0.2295,0.1728,0.1972,0.7529,0.2779,0.2726,0.2775,0.2726,0.2726,0.2719,0.2703,0.2726,0.2698,0.2726,SVC(random_state=42),"TfidfVectorizer(ngram_range=(1, 3))"
9-Cortes,AgnaldoTeExplode,BeatoSalut,BluePirate89,CariocaSatanico,Manada_2,MaxVonHabsburg,MidnightRider00,Miteiro,Supermunch2000,TheGza1,logatwork,piperman_,um--no,xanax101010,0.1503,0.1847,0.1658,0.1429,0.1581,0.1501,0.0775,0.0898,0.0832,0.2678,0.3198,0.2915,0.2358,0.2329,0.2343,0.1786,0.1852,0.1818,0.157,0.1452,0.1509,0.084,0.0784,0.0811,0.145,0.1229,0.133,0.1798,0.1647,0.1719,0.1214,0.1078,0.1142,0.1319,0.1292,0.1305,0.0819,0.0852,0.0835,0.1156,0.1044,0.1097,0.1408,0.1193,0.1292,0.5534,0.1478,0.1491,0.1473,0.1491,0.1491,0.1485,0.1479,0.1491,0.1474,0.1491,DecisionTreeClassifier(random_state=42),CountVectorizer()
9-Cortes,AgnaldoTeExplode,BeatoSalut,BluePirate89,CariocaSatanico,Manada_2,MaxVonHabsburg,MidnightRider00,Miteiro,Supermunch2000,TheGza1,logatwork,piperman_,um--no,xanax101010,0.1533,0.1606,0.1569,0.1459,0.1453,0.1456,0.1158,0.1224,0.119,0.3112,0.3603,0.334,0.2415,0.257,0.249,0.3806,0.3868,0.3837,0.1786,0.166,0.172,0.089,0.0824,0.0855,0.2018,0.1949,0.1983,0.1992,0.1888,0.1938,0.1383,0.1509,0.1443,0.1486,0.1542,0.1513,0.1429,0.1435,0.1432,0.1156,0.1044,0.1097,0.134,0.1152,0.1239,0.5736,0.1799,0.1824,0.1797,0.1824,0.1824,0.1822,0.1809,0.1824,0.1807,0.1824,DecisionTreeClassifier(random_state=42),"CountVectorizer(ngram_range=(1, 3))"
9-Cortes,AgnaldoTeExplode,BeatoSalut,BluePirate89,CariocaSatanico,Manada_2,MaxVonHabsburg,MidnightRider00,Miteiro,Supermunch2000,TheGza1,logatwork,piperman_,um--no,xanax101010,0.1458,0.1727,0.1581,0.0991,0.0983,0.0987,0.1097,0.1061,0.1079,0.2941,0.3441,0.3172,0.2143,0.2169,0.2156,0.1625,0.1605,0.1615,0.1532,0.1577,0.1554,0.1059,0.1059,0.1059,0.1746,0.1864,0.1803,0.1807,0.1807,0.1807,0.1379,0.1207,0.1287,0.1057,0.1,0.1028,0.1,0.1031,0.1015,0.1226,0.1044,0.1128,0.1542,0.1358,0.1444,0.555,0.1512,0.1535,0.1507,0.1535,0.1535,0.1529,0.152,0.1535,0.1514,0.1535,DecisionTreeClassifier(random_state=42),TfidfVectorizer()
9-Cortes,AgnaldoTeExplode,BeatoSalut,BluePirate89,CariocaSatanico,Manada_2,MaxVonHabsburg,MidnightRider00,Miteiro,Supermunch2000,TheGza1,logatwork,piperman_,um--no,xanax101010,0.1489,0.1566,0.1526,0.0958,0.0983,0.097,0.1061,0.1143,0.11,0.309,0.3765,0.3394,0.2658,0.253,0.2593,0.3244,0.3004,0.312,0.1423,0.1411,0.1417,0.0866,0.0863,0.0864,0.1658,0.1398,0.1517,0.1885,0.1968,0.1925,0.1381,0.1595,0.148,0.1523,0.1542,0.1532,0.1137,0.1076,0.1106,0.12,0.1084,0.1139,0.1353,0.1152,0.1244,0.5628,0.1667,0.1678,0.1662,0.1678,0.1678,0.1672,0.1668,0.1678,0.1662,0.1678,DecisionTreeClassifier(random_state=42),"TfidfVectorizer(ngram_range=(1, 3))"
9-Cortes,AgnaldoTeExplode,BeatoSalut,BluePirate89,CariocaSatanico,Manada_2,MaxVonHabsburg,MidnightRider00,Miteiro,Supermunch2000,TheGza1,logatwork,piperman_,um--no,xanax101010,0.1414,0.1687,0.1538,0.1416,0.141,0.1413,0.125,0.1061,0.1148,0.307,0.3927,0.3446,0.2604,0.3534,0.2998,0.2431,0.2551,0.249,0.2058,0.2946,0.2423,0.1256,0.102,0.1126,0.2591,0.2415,0.25,0.2374,0.2088,0.2222,0.1436,0.125,0.1336,0.1914,0.1667,0.1782,0.1176,0.0987,0.1073,0.1165,0.1165,0.1165,0.18,0.1111,0.1374,0.6942,0.1867,0.1928,0.1864,0.1928,0.1928,0.1921,0.1874,0.1928,0.1869,0.1928,RandomForestClassifier(random_state=42),CountVectorizer()
9-Cortes,AgnaldoTeExplode,BeatoSalut,BluePirate89,CariocaSatanico,Manada_2,MaxVonHabsburg,MidnightRider00,Miteiro,Supermunch2000,TheGza1,logatwork,piperman_,um--no,xanax101010,0.2324,0.3173,0.2683,0.1236,0.141,0.1317,0.1678,0.102,0.1269,0.3267,0.4656,0.384,0.2896,0.4699,0.3583,0.4507,0.5267,0.4858,0.234,0.3485,0.28,0.1032,0.051,0.0682,0.3042,0.3093,0.3067,0.3415,0.2811,0.3084,0.2298,0.1595,0.1883,0.1928,0.1792,0.1857,0.1823,0.148,0.1634,0.1422,0.1325,0.1372,0.2321,0.107,0.1465,0.7295,0.2371,0.2501,0.2369,0.2501,0.2501,0.2492,0.2364,0.2501,0.236,0.2501,RandomForestClassifier(random_state=42),"CountVectorizer(ngram_range=(1, 3))"
9-Cortes,AgnaldoTeExplode,BeatoSalut,BluePirate89,CariocaSatanico,Manada_2,MaxVonHabsburg,MidnightRider00,Miteiro,Supermunch2000,TheGza1,logatwork,piperman_,um--no,xanax101010,0.157,0.2169,0.1821,0.1384,0.1325,0.1354,0.1198,0.0816,0.0971,0.3202,0.4291,0.3668,0.2788,0.3695,0.3178,0.2511,0.2428,0.2469,0.2076,0.2946,0.2436,0.1322,0.0902,0.1072,0.1913,0.2246,0.2066,0.2403,0.2249,0.2324,0.1636,0.1164,0.136,0.1604,0.125,0.1405,0.1236,0.0987,0.1097,0.1464,0.1647,0.155,0.1845,0.1276,0.1509,0.7012,0.1883,0.197,0.1877,0.197,0.197,0.1959,0.1893,0.197,0.1885,0.197,RandomForestClassifier(random_state=42),TfidfVectorizer()
9-Cortes,AgnaldoTeExplode,BeatoSalut,BluePirate89,CariocaSatanico,Manada_2,MaxVonHabsburg,MidnightRider00,Miteiro,Supermunch2000,TheGza1,logatwork,piperman_,um--no,xanax101010,0.2133,0.3092,0.2525,0.1102,0.1154,0.1127,0.2113,0.1224,0.155,0.3169,0.4696,0.3785,0.2867,0.4779,0.3584,0.4526,0.5103,0.4797,0.2213,0.3361,0.2669,0.1417,0.0706,0.0942,0.2802,0.3051,0.2921,0.3272,0.2851,0.3047,0.2609,0.181,0.2137,0.1799,0.1417,0.1585,0.1751,0.139,0.155,0.1584,0.1285,0.1419,0.2279,0.1276,0.1636,0.7334,0.238,0.249,0.2376,0.249,0.249,0.248,0.2358,0.249,0.2352,0.249,RandomForestClassifier(random_state=42),"TfidfVectorizer(ngram_range=(1, 3))"
9-Cortes,AgnaldoTeExplode,BeatoSalut,BluePirate89,CariocaSatanico,Manada_2,MaxVonHabsburg,MidnightRider00,Miteiro,Supermunch2000,TheGza1,logatwork,piperman_,um--no,xanax101010,0.1572,0.245,0.1915,0.1234,0.1667,0.1418,0.1154,0.049,0.0688,0.3266,0.587,0.4197,0.2124,0.1647,0.1855,0.1739,0.1317,0.1499,0.1459,0.2241,0.1768,0.0865,0.0627,0.0727,0.1996,0.3771,0.261,0.2249,0.1526,0.1818,0.0833,0.0345,0.0488,0.1439,0.25,0.1826,0.16,0.0538,0.0805,0.1421,0.1044,0.1204,0.2154,0.0576,0.0909,0.6844,0.1677,0.178,0.1674,0.178,0.178,0.1774,0.1588,0.178,0.1582,0.178,AdaBoostClassifier(random_state=42),CountVectorizer()
9-Cortes,AgnaldoTeExplode,BeatoSalut,BluePirate89,CariocaSatanico,Manada_2,MaxVonHabsburg,MidnightRider00,Miteiro,Supermunch2000,TheGza1,logatwork,piperman_,um--no,xanax101010,0.2151,0.2289,0.2218,0.1282,0.1709,0.1465,0.2222,0.0245,0.0441,0.2689,0.6761,0.3848,0.2043,0.3855,0.267,0.4349,0.4815,0.457,0.1816,0.2614,0.2143,0.1307,0.102,0.1145,0.2075,0.3263,0.2537,0.3214,0.2169,0.259,0.1758,0.069,0.0991,0.1683,0.1417,0.1538,0.2472,0.0987,0.141,0.1562,0.0602,0.087,0.1481,0.0658,0.0912,0.6903,0.2141,0.2217,0.214,0.2217,0.2217,0.2206,0.1962,0.2217,0.1957,0.2217,AdaBoostClassifier(random_state=42),"CountVectorizer(ngram_range=(1, 3))"
9-Cortes,AgnaldoTeExplode,BeatoSalut,BluePirate89,CariocaSatanico,Manada_2,MaxVonHabsburg,MidnightRider00,Miteiro,Supermunch2000,TheGza1,logatwork,piperman_,um--no,xanax101010,0.1719,0.2209,0.1933,0.1502,0.1368,0.1432,0.1373,0.0286,0.0473,0.2894,0.5425,0.3775,0.2162,0.4177,0.2849,0.2061,0.2222,0.2139,0.1702,0.1992,0.1836,0.0677,0.051,0.0582,0.2053,0.2288,0.2164,0.217,0.2972,0.2508,0.0879,0.0345,0.0495,0.1538,0.175,0.1637,0.1622,0.0807,0.1078,0.1338,0.0843,0.1034,0.2074,0.1152,0.1481,0.6938,0.1719,0.1904,0.1718,0.1904,0.1904,0.189,0.1702,0.1904,0.1694,0.1904,AdaBoostClassifier(random_state=42),TfidfVectorizer()
9-Cortes,AgnaldoTeExplode,BeatoSalut,BluePirate89,CariocaSatanico,Manada_2,MaxVonHabsburg,MidnightRider00,Miteiro,Supermunch2000,TheGza1,logatwork,piperman_,um--no,xanax101010,0.1655,0.2731,0.2061,0.0885,0.1282,0.1047,0.2286,0.0327,0.0571,0.2979,0.6356,0.4057,0.2269,0.3253,0.2673,0.4573,0.3745,0.4118,0.1779,0.2075,0.1916,0.1154,0.1059,0.1104,0.2281,0.2754,0.2495,0.2227,0.2289,0.2257,0.087,0.0259,0.0399,0.1542,0.1458,0.1499,0.1045,0.0628,0.0784,0.1963,0.1285,0.1553,0.1356,0.0658,0.0886,0.6971,0.1934,0.2028,0.1924,0.2028,0.2028,0.2011,0.184,0.2028,0.1828,0.2028,AdaBoostClassifier(random_state=42),"TfidfVectorizer(ngram_range=(1, 3))"
9-Cortes,AgnaldoTeExplode,BeatoSalut,BluePirate89,CariocaSatanico,Manada_2,MaxVonHabsburg,MidnightRider00,Miteiro,Supermunch2000,TheGza1,logatwork,piperman_,um--no,xanax101010,0.212,0.2691,0.2372,0.1227,0.141,0.1312,0.2222,0.0571,0.0909,0.3272,0.5749,0.417,0.3262,0.3052,0.3154,0.244,0.2922,0.2659,0.1895,0.3154,0.2368,0.2,0.0941,0.128,0.254,0.2669,0.2603,0.3194,0.2771,0.2968,0.1719,0.0948,0.1222,0.1744,0.2833,0.2159,0.1702,0.1076,0.1319,0.1353,0.1446,0.1398,0.2269,0.1111,0.1492,0.7301,0.2206,0.2234,0.2197,0.2234,0.2234,0.2223,0.2101,0.2234,0.2092,0.2234,GradientBoostingClassifier(random_state=42),CountVectorizer()
9-Cortes,AgnaldoTeExplode,BeatoSalut,BluePirate89,CariocaSatanico,Manada_2,MaxVonHabsburg,MidnightRider00,Miteiro,Supermunch2000,TheGza1,logatwork,piperman_,um--no,xanax101010,0.2141,0.2811,0.2431,0.1411,0.1496,0.1452,0.2299,0.0816,0.1205,0.3072,0.587,0.4033,0.3992,0.4137,0.4063,0.4695,0.5391,0.5019,0.2982,0.4232,0.3499,0.1554,0.0902,0.1141,0.2331,0.2627,0.247,0.3144,0.2892,0.3013,0.2417,0.125,0.1648,0.1785,0.2208,0.1974,0.159,0.1704,0.1645,0.2018,0.1767,0.1884,0.2571,0.1111,0.1552,0.7515,0.2542,0.2624,0.2534,0.2624,0.2624,0.2614,0.2477,0.2624,0.2469,0.2624,GradientBoostingClassifier(random_state=42),"CountVectorizer(ngram_range=(1, 3))"
9-Cortes,AgnaldoTeExplode,BeatoSalut,BluePirate89,CariocaSatanico,Manada_2,MaxVonHabsburg,MidnightRider00,Miteiro,Supermunch2000,TheGza1,logatwork,piperman_,um--no,xanax101010,0.1862,0.249,0.2131,0.1121,0.1068,0.1094,0.1132,0.049,0.0684,0.3232,0.5182,0.3981,0.2623,0.3855,0.3122,0.26,0.2675,0.2637,0.2058,0.2656,0.2319,0.1141,0.0824,0.0957,0.2205,0.2373,0.2286,0.2598,0.2651,0.2624,0.1719,0.0948,0.1222,0.1603,0.1583,0.1593,0.1576,0.1166,0.134,0.1357,0.1406,0.1381,0.1882,0.1317,0.155,0.7251,0.1918,0.2058,0.1914,0.2058,0.2058,0.2046,0.1936,0.2058,0.1928,0.2058,GradientBoostingClassifier(random_state=42),TfidfVectorizer()
9-Cortes,AgnaldoTeExplode,BeatoSalut,BluePirate89,CariocaSatanico,Manada_2,MaxVonHabsburg,MidnightRider00,Miteiro,Supermunch2000,TheGza1,logatwork,piperman_,um--no,xanax101010,0.1971,0.2731,0.229,0.139,0.1111,0.1235,0.2066,0.102,0.1366,0.2983,0.5628,0.3899,0.3378,0.4016,0.367,0.464,0.5309,0.4952,0.2346,0.3154,0.269,0.1106,0.0863,0.0969,0.2899,0.2542,0.2709,0.3542,0.3414,0.3476,0.2667,0.1897,0.2217,0.1744,0.1875,0.1807,0.1818,0.1166,0.1421,0.1545,0.1526,0.1535,0.225,0.1481,0.1787,0.7435,0.2425,0.2528,0.2423,0.2528,0.2528,0.2515,0.2409,0.2528,0.2402,0.2528,GradientBoostingClassifier(random_state=42),"TfidfVectorizer(ngram_range=(1, 3))"
9-Cortes,AgnaldoTeExplode,BeatoSalut,BluePirate89,CariocaSatanico,Manada_2,MaxVonHabsburg,MidnightRider00,Miteiro,Supermunch2000,TheGza1,logatwork,piperman_,um--no,xanax101010,0.2151,0.3655,0.2708,0.0936,0.1197,0.1051,0.1981,0.0857,0.1197,0.1423,0.4332,0.2142,0.3569,0.3855,0.3707,0.1984,0.1029,0.1355,0.1982,0.278,0.2314,0.1579,0.0706,0.0976,0.209,0.4534,0.2861,0.2034,0.0964,0.1308,0.1863,0.0819,0.1138,0.1935,0.075,0.1081,0.0,0.0,0.0,0.1465,0.0924,0.1133,0.1858,0.1728,0.1791,0.6929,0.1803,0.1887,0.179,0.1887,0.1887,0.1875,0.1662,0.1887,0.1651,0.1887,"StackingClassifier(estimators=[('svm',
                                LinearSVC(max_iter=10000, random_state=42)),
                               ('lr_l1',
                                LogisticRegression(penalty='l1',
                                                   random_state=42,
                                                   solver='liblinear'),
                                'rf',
                                RandomForestClassifier(random_state=42))],
                   final_estimator=LogisticRegression(random_state=42,
                                                      solver='liblinear'))",CountVectorizer()
9-Cortes,AgnaldoTeExplode,BeatoSalut,BluePirate89,CariocaSatanico,Manada_2,MaxVonHabsburg,MidnightRider00,Miteiro,Supermunch2000,TheGza1,logatwork,piperman_,um--no,xanax101010,0.2585,0.245,0.2515,0.1858,0.2009,0.193,0.2911,0.0939,0.142,0.2812,0.6559,0.3937,0.4325,0.4378,0.4351,0.4459,0.5597,0.4964,0.3279,0.5021,0.3967,0.2381,0.0784,0.118,0.2216,0.3305,0.2653,0.3512,0.2369,0.283,0.2222,0.1724,0.1942,0.1358,0.1375,0.1366,0.1466,0.0762,0.1003,0.2087,0.1727,0.189,0.2963,0.2634,0.2789,0.7602,0.271,0.2787,0.2696,0.2787,0.2787,0.2775,0.2593,0.2787,0.2582,0.2787,"StackingClassifier(estimators=[('svm',
                                LinearSVC(max_iter=10000, random_state=42)),
                               ('lr_l1',
                                LogisticRegression(penalty='l1',
                                                   random_state=42,
                                                   solver='liblinear'),
                                'rf',
                                RandomForestClassifier(random_state=42))],
                   final_estimator=LogisticRegression(random_state=42,
                                                      solver='liblinear'))","CountVectorizer(ngram_range=(1, 3))"
9-Cortes,AgnaldoTeExplode,BeatoSalut,BluePirate89,CariocaSatanico,Manada_2,MaxVonHabsburg,MidnightRider00,Miteiro,Supermunch2000,TheGza1,logatwork,piperman_,um--no,xanax101010,0.1735,0.2731,0.2122,0.1138,0.1197,0.1167,0.0909,0.0286,0.0435,0.2883,0.4575,0.3537,0.2331,0.5542,0.3282,0.2053,0.2881,0.2397,0.173,0.2656,0.2095,0.0435,0.0157,0.0231,0.2441,0.2627,0.2531,0.2847,0.3213,0.3019,0.1207,0.0302,0.0483,0.2464,0.1417,0.1799,0.1562,0.0224,0.0392,0.0982,0.0884,0.093,0.2055,0.1235,0.1542,0.7082,0.1785,0.2014,0.1785,0.2014,0.2014,0.1995,0.1742,0.2014,0.1731,0.2014,"StackingClassifier(estimators=[('svm',
                                LinearSVC(max_iter=10000, random_state=42)),
                               ('lr_l1',
                                LogisticRegression(penalty='l1',
                                                   random_state=42,
                                                   solver='liblinear'),
                                'rf',
                                RandomForestClassifier(random_state=42))],
                   final_estimator=LogisticRegression(random_state=42,
                                                      solver='liblinear'))",TfidfVectorizer()
9-Cortes,AgnaldoTeExplode,BeatoSalut,BluePirate89,CariocaSatanico,Manada_2,MaxVonHabsburg,MidnightRider00,Miteiro,Supermunch2000,TheGza1,logatwork,piperman_,um--no,xanax101010,0.2218,0.253,0.2364,0.1809,0.1453,0.1611,0.2672,0.1265,0.1717,0.2947,0.4737,0.3634,0.3214,0.5422,0.4036,0.4839,0.5556,0.5172,0.3186,0.4481,0.3724,0.1988,0.1255,0.1538,0.28,0.2966,0.2881,0.3347,0.3253,0.3299,0.2778,0.1724,0.2128,0.2036,0.1875,0.1952,0.1534,0.1121,0.1295,0.2079,0.1687,0.1863,0.3144,0.2963,0.3051,0.7677,0.2713,0.2834,0.2706,0.2834,0.2834,0.2819,0.2694,0.2834,0.2684,0.2834,"StackingClassifier(estimators=[('svm',
                                LinearSVC(max_iter=10000, random_state=42)),
                               ('lr_l1',
                                LogisticRegression(penalty='l1',
                                                   random_state=42,
                                                   solver='liblinear'),
                                'rf',
                                RandomForestClassifier(random_state=42))],
                   final_estimator=LogisticRegression(random_state=42,
                                                      solver='liblinear'))","TfidfVectorizer(ngram_range=(1, 3))"
